municipality_code,municipality_name,year,unemployment_rate
0114,Upplands Väsby,2016,11.9
0115,Vallentuna,2016,6.1
0117,Österåker,2016,7.2
0120,Värmdö,2016,7.3
0123,Järfälla,2016,13.7
0125,Ekerö,2016,5.6
0126,Huddinge,2016,12
0127,Botkyrka,2016,17.7
0128,Salem,2016,9.7
0136,Haninge,2016,11.9
0138,Tyresö,2016,8.3
0139,Upplands-Bro,2016,11.7
0140,Nykvarn,2016,7.6
0160,Täby,2016,6.1
0162,Danderyd,2016,5.3
0163,Sollentuna,2016,9.6
0180,Stockholm,2016,10.4
0181,Södertälje,2016,21.5
0182,Nacka,2016,8.4
0183,Sundbyberg,2016,12.5
0184,Solna,2016,8.2
0186,Lidingö,2016,7.4
0187,Vaxholm,2016,6
0188,Norrtälje,2016,9.3
0191,Sigtuna,2016,13.2
0192,Nynäshamn,2016,10.5
0305,Håbo,2016,8.1
0319,Älvkarleby,2016,19
0330,Knivsta,2016,6.5
0331,Heby,2016,10.9
0360,Tierp,2016,14.5
0380,Uppsala,2016,9.6
0381,Enköping,2016,11.2
0382,Östhammar,2016,8.5
0428,Vingåker,2016,16.9
0461,Gnesta,2016,9.6
0480,Nyköping,2016,13.7
0481,Oxelösund,2016,19.7
0482,Flen,2016,20.6
0483,Katrineholm,2016,17.8
0484,Eskilstuna,2016,20.8
0486,Strängnäs,2016,11.5
0488,Trosa,2016,7.7
0509,Ödeshög,2016,13.4
0512,Ydre,2016,8
0513,Kinda,2016,11.4
0560,Boxholm,2016,10.5
0561,Åtvidaberg,2016,11.3
0562,Finspång,2016,16.6
0563,Valdemarsvik,2016,16.1
0580,Linköping,2016,10.6
0581,Norrköping,2016,18.2
0582,Söderköping,2016,10.6
0583,Motala,2016,17.7
0584,Vadstena,2016,11.3
0586,Mjölby,2016,12.4
0604,Aneby,2016,11.4
0617,Gnosjö,2016,12.1
0642,Mullsjö,2016,9.9
0643,Habo,2016,6.5
0662,Gislaved,2016,14.1
0665,Vaggeryd,2016,10.9
0680,Jönköping,2016,10.6
0682,Nässjö,2016,15.4
0683,Värnamo,2016,11.3
0684,Sävsjö,2016,14.2
0685,Vetlanda,2016,11.4
0686,Eksjö,2016,10.8
0687,Tranås,2016,14
0760,Uppvidinge,2016,14.3
0761,Lessebo,2016,22.7
0763,Tingsryd,2016,13.6
0764,Alvesta,2016,15.4
0765,Älmhult,2016,10.8
0767,Markaryd,2016,16
0780,Växjö,2016,13.2
0781,Ljungby,2016,11.4
0821,Högsby,2016,19
0834,Torsås,2016,14.1
0840,Mörbylånga,2016,8.7
0860,Hultsfred,2016,17.5
0861,Mönsterås,2016,13.4
0862,Emmaboda,2016,14.3
0880,Kalmar,2016,12
0881,Nybro,2016,15.8
0882,Oskarshamn,2016,11.7
0883,Västervik,2016,14.7
0884,Vimmerby,2016,11.9
0885,Borgholm,2016,12.3
0980,Gotland,2016,12.3
1060,Olofström,2016,18.5
1080,Karlskrona,2016,14.4
1081,Ronneby,2016,21
1082,Karlshamn,2016,16.3
1083,Sölvesborg,2016,16.4
1214,Svalöv,2016,13.3
1230,Staffanstorp,2016,9.2
1231,Burlöv,2016,17.7
1233,Vellinge,2016,7.7
1256,Östra Göinge,2016,20.9
1257,Örkelljunga,2016,14.2
1260,Bjuv,2016,16.5
1261,Kävlinge,2016,9.8
1262,Lomma,2016,6.4
1263,Svedala,2016,10
1264,Skurup,2016,13.6
1265,Sjöbo,2016,11.1
1266,Hörby,2016,12.4
1267,Höör,2016,10.4
1270,Tomelilla,2016,14.4
1272,Bromölla,2016,17.3
1273,Osby,2016,14.5
1275,Perstorp,2016,18.9
1276,Klippan,2016,14.8
1277,Åstorp,2016,18.5
1278,Båstad,2016,12
1280,Malmö,2016,19.8
1281,Lund,2016,8.9
1282,Landskrona,2016,20.2
1283,Helsingborg,2016,16.8
1284,Höganäs,2016,10.6
1285,Eslöv,2016,13.7
1286,Ystad,2016,11.3
1287,Trelleborg,2016,14.1
1290,Kristianstad,2016,16.8
1291,Simrishamn,2016,13.2
1292,Ängelholm,2016,12.7
1293,Hässleholm,2016,17.2
1315,Hylte,2016,17.8
1380,Halmstad,2016,14.5
1381,Laholm,2016,12.8
1382,Falkenberg,2016,12.9
1383,Varberg,2016,9.5
1384,Kungsbacka,2016,6.7
1401,Härryda,2016,7.2
1402,Partille,2016,8.8
1407,Öckerö,2016,5.5
1415,Stenungsund,2016,8.1
1419,Tjörn,2016,6.8
1421,Orust,2016,8.9
1427,Sotenäs,2016,8.7
1430,Munkedal,2016,12
1435,Tanum,2016,9.9
1438,Dals-Ed,2016,11.4
1439,Färgelanda,2016,13
1440,Ale,2016,9.1
1441,Lerum,2016,6.5
1442,Vårgårda,2016,9.8
1443,Bollebygd,2016,8
1444,Grästorp,2016,10.7
1445,Essunga,2016,9.3
1446,Karlsborg,2016,11.8
1447,Gullspång,2016,17.9
1452,Tranemo,2016,9.6
1460,Bengtsfors,2016,18.3
1461,Mellerud,2016,17.6
1462,Lilla Edet,2016,11.7
1463,Mark,2016,9.4
1465,Svenljunga,2016,11.2
1466,Herrljunga,2016,9.5
1470,Vara,2016,11
1471,Götene,2016,11.3
1472,Tibro,2016,16.7
1473,Töreboda,2016,17.4
1480,Göteborg,2016,12.8
1481,Mölndal,2016,7.9
1482,Kungälv,2016,6.5
1484,Lysekil,2016,11.7
1485,Uddevalla,2016,14.3
1486,Strömstad,2016,10.2
1487,Vänersborg,2016,15.9
1488,Trollhättan,2016,18.4
1489,Alingsås,2016,10
1490,Borås,2016,14.1
1491,Ulricehamn,2016,9.7
1492,Åmål,2016,20.2
1493,Mariestad,2016,12.7
1494,Lidköping,2016,10.8
1495,Skara,2016,15.5
1496,Skövde,2016,11.7
1497,Hjo,2016,10.2
1498,Tidaholm,2016,13.2
1499,Falköping,2016,14.8
1715,Kil,2016,13.1
1730,Eda,2016,12.3
1737,Torsby,2016,13.6
1760,Storfors,2016,21.7
1761,Hammarö,2016,10
1762,Munkfors,2016,17.4
1763,Forshaga,2016,14.1
1764,Grums,2016,17.6
1765,Årjäng,2016,11.6
1766,Sunne,2016,12.8
1780,Karlstad,2016,13.6
1781,Kristinehamn,2016,20.3
1782,Filipstad,2016,21.1
1783,Hagfors,2016,14.6
1784,Arvika,2016,14.1
1785,Säffle,2016,20.2
1814,Lekeberg,2016,9.7
1860,Laxå,2016,16.7
1861,Hallsberg,2016,14.8
1862,Degerfors,2016,16.5
1863,Hällefors,2016,19.5
1864,Ljusnarsberg,2016,18.4
1880,Örebro,2016,13.7
1881,Kumla,2016,12.2
1882,Askersund,2016,11.9
1883,Karlskoga,2016,16.6
1884,Nora,2016,15.4
1885,Lindesberg,2016,14.5
1904,Skinnskatteberg,2016,14.4
1907,Surahammar,2016,14.7
1960,Kungsör,2016,17.1
1961,Hallstahammar,2016,14.1
1962,Norberg,2016,15.5
1980,Västerås,2016,15
1981,Sala,2016,14.3
1982,Fagersta,2016,19.5
1983,Köping,2016,16
1984,Arboga,2016,16.7
2021,Vansbro,2016,11
2023,Malung-Sälen,2016,10.9
2026,Gagnef,2016,9.3
2029,Leksand,2016,10
2031,Rättvik,2016,11.2
2034,Orsa,2016,16.4
2039,Älvdalen,2016,13.3
2061,Smedjebacken,2016,11.3
2062,Mora,2016,10.8
2080,Falun,2016,11.8
2081,Borlänge,2016,15.7
2082,Säter,2016,9.2
2083,Hedemora,2016,15.7
2084,Avesta,2016,19.4
2085,Ludvika,2016,16.4
2101,Ockelbo,2016,20.6
2104,Hofors,2016,17.3
2121,Ovanåker,2016,15
2132,Nordanstig,2016,14.9
2161,Ljusdal,2016,18.7
2180,Gävle,2016,17.7
2181,Sandviken,2016,20.3
2182,Söderhamn,2016,20.7
2183,Bollnäs,2016,19.7
2184,Hudiksvall,2016,15.8
2260,Ånge,2016,15.7
2262,Timrå,2016,14.6
2280,Härnösand,2016,19.3
2281,Sundsvall,2016,14.1
2282,Kramfors,2016,17.7
2283,Sollefteå,2016,20.4
2284,Örnsköldsvik,2016,15
2303,Ragunda,2016,18.9
2305,Bräcke,2016,16.5
2309,Krokom,2016,11.9
2313,Strömsund,2016,19.1
2321,Åre,2016,13.4
2326,Berg,2016,15.5
2361,Härjedalen,2016,13.6
2380,Östersund,2016,13.2
2401,Nordmaling,2016,14.7
2403,Bjurholm,2016,14.3
2404,Vindeln,2016,11.2
2409,Robertsfors,2016,13.7
2417,Norsjö,2016,16.1
2418,Malå,2016,12.5
2421,Storuman,2016,12.6
2422,Sorsele,2016,14
2425,Dorotea,2016,16.7
2460,Vännäs,2016,11.2
2462,Vilhelmina,2016,17.9
2463,Åsele,2016,18.2
2480,Umeå,2016,10.7
2481,Lycksele,2016,14.3
2482,Skellefteå,2016,12.7
2505,Arvidsjaur,2016,16.6
2506,Arjeplog,2016,14.5
2510,Jokkmokk,2016,16.2
2513,Överkalix,2016,20.2
2514,Kalix,2016,16.7
2518,Övertorneå,2016,18
2521,Pajala,2016,18.9
2523,Gällivare,2016,11
2560,Älvsbyn,2016,14.8
2580,Luleå,2016,12.1
2581,Piteå,2016,12.7
2582,Boden,2016,14.3
2583,Haparanda,2016,21.9
2584,Kiruna,2016,9.4
0114,Upplands Väsby,2017,11.7
0115,Vallentuna,2017,6
0117,Österåker,2017,7
0120,Värmdö,2017,7.2
0123,Järfälla,2017,13.7
0125,Ekerö,2017,5.7
0126,Huddinge,2017,12
0127,Botkyrka,2017,17.1
0128,Salem,2017,9.8
0136,Haninge,2017,11.6
0138,Tyresö,2017,8.3
0139,Upplands-Bro,2017,12
0140,Nykvarn,2017,7
0160,Täby,2017,6
0162,Danderyd,2017,5.6
0163,Sollentuna,2017,9.5
0180,Stockholm,2017,10.3
0181,Södertälje,2017,20.1
0182,Nacka,2017,8.4
0183,Sundbyberg,2017,12.1
0184,Solna,2017,8
0186,Lidingö,2017,7.3
0187,Vaxholm,2017,6.4
0188,Norrtälje,2017,9.3
0191,Sigtuna,2017,12.9
0192,Nynäshamn,2017,10.9
0305,Håbo,2017,9.1
0319,Älvkarleby,2017,18.3
0330,Knivsta,2017,6.7
0331,Heby,2017,10.8
0360,Tierp,2017,14.2
0380,Uppsala,2017,9.9
0381,Enköping,2017,11.7
0382,Östhammar,2017,8.1
0428,Vingåker,2017,16.3
0461,Gnesta,2017,9.2
0480,Nyköping,2017,13.4
0481,Oxelösund,2017,19.6
0482,Flen,2017,21.6
0483,Katrineholm,2017,17.8
0484,Eskilstuna,2017,20.4
0486,Strängnäs,2017,11.6
0488,Trosa,2017,7.7
0509,Ödeshög,2017,13.1
0512,Ydre,2017,7.3
0513,Kinda,2017,10
0560,Boxholm,2017,11.1
0561,Åtvidaberg,2017,11.3
0562,Finspång,2017,15.6
0563,Valdemarsvik,2017,16.8
0580,Linköping,2017,10.3
0581,Norrköping,2017,17.8
0582,Söderköping,2017,10
0583,Motala,2017,17
0584,Vadstena,2017,11.7
0586,Mjölby,2017,12.4
0604,Aneby,2017,11
0617,Gnosjö,2017,10.9
0642,Mullsjö,2017,10.1
0643,Habo,2017,7.2
0662,Gislaved,2017,13.6
0665,Vaggeryd,2017,9.5
0680,Jönköping,2017,10.2
0682,Nässjö,2017,15.3
0683,Värnamo,2017,11
0684,Sävsjö,2017,13.9
0685,Vetlanda,2017,11.1
0686,Eksjö,2017,11.4
0687,Tranås,2017,13.8
0760,Uppvidinge,2017,13.3
0761,Lessebo,2017,23.4
0763,Tingsryd,2017,13
0764,Alvesta,2017,14.8
0765,Älmhult,2017,11.9
0767,Markaryd,2017,16.4
0780,Växjö,2017,12.4
0781,Ljungby,2017,11.5
0821,Högsby,2017,19.7
0834,Torsås,2017,14.4
0840,Mörbylånga,2017,8.7
0860,Hultsfred,2017,17.9
0861,Mönsterås,2017,13.5
0862,Emmaboda,2017,15
0880,Kalmar,2017,11.9
0881,Nybro,2017,15.5
0882,Oskarshamn,2017,11.4
0883,Västervik,2017,14.2
0884,Vimmerby,2017,12.2
0885,Borgholm,2017,12.7
0980,Gotland,2017,11.9
1060,Olofström,2017,17.8
1080,Karlskrona,2017,13.9
1081,Ronneby,2017,21.5
1082,Karlshamn,2017,16.3
1083,Sölvesborg,2017,15.9
1214,Svalöv,2017,13.7
1230,Staffanstorp,2017,9.3
1231,Burlöv,2017,17.8
1233,Vellinge,2017,7.6
1256,Östra Göinge,2017,21.7
1257,Örkelljunga,2017,14
1260,Bjuv,2017,17.5
1261,Kävlinge,2017,9.6
1262,Lomma,2017,6.5
1263,Svedala,2017,9.8
1264,Skurup,2017,13.5
1265,Sjöbo,2017,10.8
1266,Hörby,2017,12.7
1267,Höör,2017,10.8
1270,Tomelilla,2017,14.1
1272,Bromölla,2017,16.5
1273,Osby,2017,15.4
1275,Perstorp,2017,19.2
1276,Klippan,2017,15.1
1277,Åstorp,2017,18.7
1278,Båstad,2017,11.5
1280,Malmö,2017,19.9
1281,Lund,2017,9.2
1282,Landskrona,2017,20.5
1283,Helsingborg,2017,17
1284,Höganäs,2017,10.3
1285,Eslöv,2017,14.3
1286,Ystad,2017,11.3
1287,Trelleborg,2017,13.9
1290,Kristianstad,2017,16.5
1291,Simrishamn,2017,13.6
1292,Ängelholm,2017,12
1293,Hässleholm,2017,16.4
1315,Hylte,2017,18.1
1380,Halmstad,2017,13.9
1381,Laholm,2017,12.7
1382,Falkenberg,2017,12.6
1383,Varberg,2017,9.7
1384,Kungsbacka,2017,6.9
1401,Härryda,2017,6.8
1402,Partille,2017,8.4
1407,Öckerö,2017,5.5
1415,Stenungsund,2017,7.8
1419,Tjörn,2017,6.4
1421,Orust,2017,8.3
1427,Sotenäs,2017,9.5
1430,Munkedal,2017,11.6
1435,Tanum,2017,10.6
1438,Dals-Ed,2017,11.2
1439,Färgelanda,2017,13.6
1440,Ale,2017,9.1
1441,Lerum,2017,6.5
1442,Vårgårda,2017,10.4
1443,Bollebygd,2017,8.2
1444,Grästorp,2017,9.8
1445,Essunga,2017,9.2
1446,Karlsborg,2017,11
1447,Gullspång,2017,16.2
1452,Tranemo,2017,9
1460,Bengtsfors,2017,18.2
1461,Mellerud,2017,17.5
1462,Lilla Edet,2017,11.4
1463,Mark,2017,9
1465,Svenljunga,2017,10.2
1466,Herrljunga,2017,9.5
1470,Vara,2017,9.8
1471,Götene,2017,11
1472,Tibro,2017,16
1473,Töreboda,2017,16.3
1480,Göteborg,2017,12.5
1481,Mölndal,2017,8
1482,Kungälv,2017,6.6
1484,Lysekil,2017,11.2
1485,Uddevalla,2017,14.6
1486,Strömstad,2017,10.7
1487,Vänersborg,2017,15.3
1488,Trollhättan,2017,17.1
1489,Alingsås,2017,9.4
1490,Borås,2017,13.7
1491,Ulricehamn,2017,9.6
1492,Åmål,2017,20
1493,Mariestad,2017,12
1494,Lidköping,2017,10.3
1495,Skara,2017,14.5
1496,Skövde,2017,11.1
1497,Hjo,2017,9.5
1498,Tidaholm,2017,12.1
1499,Falköping,2017,14.6
1715,Kil,2017,12.1
1730,Eda,2017,12.1
1737,Torsby,2017,13.2
1760,Storfors,2017,19.8
1761,Hammarö,2017,9
1762,Munkfors,2017,16.7
1763,Forshaga,2017,14
1764,Grums,2017,15.7
1765,Årjäng,2017,11.5
1766,Sunne,2017,12.1
1780,Karlstad,2017,13.8
1781,Kristinehamn,2017,19
1782,Filipstad,2017,20.1
1783,Hagfors,2017,13.6
1784,Arvika,2017,13.1
1785,Säffle,2017,19.5
1814,Lekeberg,2017,9.6
1860,Laxå,2017,15.6
1861,Hallsberg,2017,15.1
1862,Degerfors,2017,16.5
1863,Hällefors,2017,19.8
1864,Ljusnarsberg,2017,19.6
1880,Örebro,2017,13.9
1881,Kumla,2017,11.9
1882,Askersund,2017,11.5
1883,Karlskoga,2017,15.5
1884,Nora,2017,15
1885,Lindesberg,2017,14.6
1904,Skinnskatteberg,2017,13
1907,Surahammar,2017,14.5
1960,Kungsör,2017,17.3
1961,Hallstahammar,2017,14.1
1962,Norberg,2017,15.7
1980,Västerås,2017,15.1
1981,Sala,2017,14.2
1982,Fagersta,2017,18.9
1983,Köping,2017,15.2
1984,Arboga,2017,15.5
2021,Vansbro,2017,9.8
2023,Malung-Sälen,2017,10.5
2026,Gagnef,2017,9.2
2029,Leksand,2017,10.7
2031,Rättvik,2017,10.9
2034,Orsa,2017,16.6
2039,Älvdalen,2017,13.7
2061,Smedjebacken,2017,10.4
2062,Mora,2017,10.4
2080,Falun,2017,11.2
2081,Borlänge,2017,15.3
2082,Säter,2017,8.3
2083,Hedemora,2017,14.9
2084,Avesta,2017,18.5
2085,Ludvika,2017,15.3
2101,Ockelbo,2017,20.3
2104,Hofors,2017,16.3
2121,Ovanåker,2017,14.7
2132,Nordanstig,2017,13.9
2161,Ljusdal,2017,18.3
2180,Gävle,2017,17.5
2181,Sandviken,2017,20.6
2182,Söderhamn,2017,19.5
2183,Bollnäs,2017,19.2
2184,Hudiksvall,2017,14.5
2260,Ånge,2017,16.2
2262,Timrå,2017,13.6
2280,Härnösand,2017,19.4
2281,Sundsvall,2017,13.9
2282,Kramfors,2017,17.3
2283,Sollefteå,2017,20.1
2284,Örnsköldsvik,2017,15.3
2303,Ragunda,2017,18.8
2305,Bräcke,2017,16.9
2309,Krokom,2017,11.5
2313,Strömsund,2017,19.6
2321,Åre,2017,13.7
2326,Berg,2017,15.4
2361,Härjedalen,2017,14.7
2380,Östersund,2017,13
2401,Nordmaling,2017,14.5
2403,Bjurholm,2017,14.5
2404,Vindeln,2017,11.4
2409,Robertsfors,2017,13.1
2417,Norsjö,2017,15.2
2418,Malå,2017,13.5
2421,Storuman,2017,13.4
2422,Sorsele,2017,12.7
2425,Dorotea,2017,14.7
2460,Vännäs,2017,11.3
2462,Vilhelmina,2017,17.9
2463,Åsele,2017,18.6
2480,Umeå,2017,10.7
2481,Lycksele,2017,14.5
2482,Skellefteå,2017,12.6
2505,Arvidsjaur,2017,17.4
2506,Arjeplog,2017,13.6
2510,Jokkmokk,2017,14.6
2513,Överkalix,2017,17.9
2514,Kalix,2017,15.4
2518,Övertorneå,2017,19.7
2521,Pajala,2017,18.7
2523,Gällivare,2017,10.6
2560,Älvsbyn,2017,15.2
2580,Luleå,2017,12.2
2581,Piteå,2017,12.6
2582,Boden,2017,14.1
2583,Haparanda,2017,21.7
2584,Kiruna,2017,9.7
0114,Upplands Väsby,2018,12
0115,Vallentuna,2018,6.1
0117,Österåker,2018,7
0120,Värmdö,2018,7.6
0123,Järfälla,2018,13
0125,Ekerö,2018,5.9
0126,Huddinge,2018,11.7
0127,Botkyrka,2018,16.8
0128,Salem,2018,9.3
0136,Haninge,2018,11.5
0138,Tyresö,2018,8.8
0139,Upplands-Bro,2018,12.2
0140,Nykvarn,2018,7.2
0160,Täby,2018,6.4
0162,Danderyd,2018,5.8
0163,Sollentuna,2018,9.6
0180,Stockholm,2018,10.2
0181,Södertälje,2018,18.7
0182,Nacka,2018,8.3
0183,Sundbyberg,2018,11.4
0184,Solna,2018,7.8
0186,Lidingö,2018,7.3
0187,Vaxholm,2018,6.4
0188,Norrtälje,2018,9.3
0191,Sigtuna,2018,12.5
0192,Nynäshamn,2018,11.1
0305,Håbo,2018,8.8
0319,Älvkarleby,2018,16.9
0330,Knivsta,2018,6.6
0331,Heby,2018,10.9
0360,Tierp,2018,13.5
0380,Uppsala,2018,10
0381,Enköping,2018,11.5
0382,Östhammar,2018,7.9
0428,Vingåker,2018,16.2
0461,Gnesta,2018,8.2
0480,Nyköping,2018,12.8
0481,Oxelösund,2018,17.8
0482,Flen,2018,21
0483,Katrineholm,2018,16.5
0484,Eskilstuna,2018,19.3
0486,Strängnäs,2018,11.1
0488,Trosa,2018,7.9
0509,Ödeshög,2018,12.6
0512,Ydre,2018,7.8
0513,Kinda,2018,8.9
0560,Boxholm,2018,10.6
0561,Åtvidaberg,2018,9.2
0562,Finspång,2018,14.8
0563,Valdemarsvik,2018,14.9
0580,Linköping,2018,10
0581,Norrköping,2018,16.8
0582,Söderköping,2018,9.9
0583,Motala,2018,16
0584,Vadstena,2018,10.9
0586,Mjölby,2018,11.6
0604,Aneby,2018,10.7
0617,Gnosjö,2018,10.4
0642,Mullsjö,2018,8.8
0643,Habo,2018,7.1
0662,Gislaved,2018,12.9
0665,Vaggeryd,2018,8.9
0680,Jönköping,2018,9.9
0682,Nässjö,2018,14.9
0683,Värnamo,2018,10.1
0684,Sävsjö,2018,13
0685,Vetlanda,2018,10.9
0686,Eksjö,2018,10.6
0687,Tranås,2018,13.5
0760,Uppvidinge,2018,14.4
0761,Lessebo,2018,22.6
0763,Tingsryd,2018,12
0764,Alvesta,2018,14.3
0765,Älmhult,2018,12.8
0767,Markaryd,2018,16.1
0780,Växjö,2018,12.4
0781,Ljungby,2018,11.4
0821,Högsby,2018,20.7
0834,Torsås,2018,13.6
0840,Mörbylånga,2018,8.9
0860,Hultsfred,2018,16.8
0861,Mönsterås,2018,13.2
0862,Emmaboda,2018,14.5
0880,Kalmar,2018,12
0881,Nybro,2018,14.4
0882,Oskarshamn,2018,12.6
0883,Västervik,2018,13.9
0884,Vimmerby,2018,12.4
0885,Borgholm,2018,11.8
0980,Gotland,2018,11.5
1060,Olofström,2018,17.6
1080,Karlskrona,2018,13.4
1081,Ronneby,2018,20.6
1082,Karlshamn,2018,15.9
1083,Sölvesborg,2018,15.2
1214,Svalöv,2018,12.8
1230,Staffanstorp,2018,8.9
1231,Burlöv,2018,17.3
1233,Vellinge,2018,7.4
1256,Östra Göinge,2018,20
1257,Örkelljunga,2018,14.2
1260,Bjuv,2018,16.7
1261,Kävlinge,2018,9.1
1262,Lomma,2018,6.6
1263,Svedala,2018,9.3
1264,Skurup,2018,12.6
1265,Sjöbo,2018,10.5
1266,Hörby,2018,11.6
1267,Höör,2018,10.6
1270,Tomelilla,2018,13.3
1272,Bromölla,2018,16.3
1273,Osby,2018,14.7
1275,Perstorp,2018,19.8
1276,Klippan,2018,14.3
1277,Åstorp,2018,17.5
1278,Båstad,2018,10.7
1280,Malmö,2018,19.5
1281,Lund,2018,9
1282,Landskrona,2018,19.2
1283,Helsingborg,2018,16.7
1284,Höganäs,2018,10.3
1285,Eslöv,2018,13.7
1286,Ystad,2018,10.8
1287,Trelleborg,2018,13.2
1290,Kristianstad,2018,16.1
1291,Simrishamn,2018,13.2
1292,Ängelholm,2018,11.6
1293,Hässleholm,2018,16
1315,Hylte,2018,16.2
1380,Halmstad,2018,13.3
1381,Laholm,2018,11.6
1382,Falkenberg,2018,12.2
1383,Varberg,2018,9.1
1384,Kungsbacka,2018,7
1401,Härryda,2018,6.9
1402,Partille,2018,8.2
1407,Öckerö,2018,5.5
1415,Stenungsund,2018,7.3
1419,Tjörn,2018,6.2
1421,Orust,2018,8.2
1427,Sotenäs,2018,8.7
1430,Munkedal,2018,11.6
1435,Tanum,2018,10.3
1438,Dals-Ed,2018,9.7
1439,Färgelanda,2018,12.4
1440,Ale,2018,8.6
1441,Lerum,2018,6.5
1442,Vårgårda,2018,10.2
1443,Bollebygd,2018,8.2
1444,Grästorp,2018,9.4
1445,Essunga,2018,9.5
1446,Karlsborg,2018,9.9
1447,Gullspång,2018,15.7
1452,Tranemo,2018,8.5
1460,Bengtsfors,2018,17.3
1461,Mellerud,2018,15.9
1462,Lilla Edet,2018,10.2
1463,Mark,2018,9.1
1465,Svenljunga,2018,9.5
1466,Herrljunga,2018,9.2
1470,Vara,2018,9.3
1471,Götene,2018,10.7
1472,Tibro,2018,14.9
1473,Töreboda,2018,14.9
1480,Göteborg,2018,12.1
1481,Mölndal,2018,7.7
1482,Kungälv,2018,7.2
1484,Lysekil,2018,11.2
1485,Uddevalla,2018,14.4
1486,Strömstad,2018,10.6
1487,Vänersborg,2018,14.1
1488,Trollhättan,2018,16
1489,Alingsås,2018,9.2
1490,Borås,2018,13.2
1491,Ulricehamn,2018,9.6
1492,Åmål,2018,19.8
1493,Mariestad,2018,11.3
1494,Lidköping,2018,9.7
1495,Skara,2018,14.2
1496,Skövde,2018,10.8
1497,Hjo,2018,9.5
1498,Tidaholm,2018,11.2
1499,Falköping,2018,13.4
1715,Kil,2018,11.2
1730,Eda,2018,11.2
1737,Torsby,2018,10.7
1760,Storfors,2018,18.3
1761,Hammarö,2018,8.1
1762,Munkfors,2018,15.8
1763,Forshaga,2018,12.9
1764,Grums,2018,13.5
1765,Årjäng,2018,10.6
1766,Sunne,2018,10.8
1780,Karlstad,2018,12.9
1781,Kristinehamn,2018,17.6
1782,Filipstad,2018,18.6
1783,Hagfors,2018,13.1
1784,Arvika,2018,11.6
1785,Säffle,2018,18.9
1814,Lekeberg,2018,9.4
1860,Laxå,2018,14.2
1861,Hallsberg,2018,14.7
1862,Degerfors,2018,14.8
1863,Hällefors,2018,17
1864,Ljusnarsberg,2018,17.7
1880,Örebro,2018,13.6
1881,Kumla,2018,11.7
1882,Askersund,2018,10.6
1883,Karlskoga,2018,14.1
1884,Nora,2018,13.9
1885,Lindesberg,2018,14.2
1904,Skinnskatteberg,2018,11.9
1907,Surahammar,2018,12.9
1960,Kungsör,2018,16.6
1961,Hallstahammar,2018,13.7
1962,Norberg,2018,15.3
1980,Västerås,2018,14.5
1981,Sala,2018,13.5
1982,Fagersta,2018,18.7
1983,Köping,2018,15
1984,Arboga,2018,14.3
2021,Vansbro,2018,9.4
2023,Malung-Sälen,2018,10.5
2026,Gagnef,2018,7.5
2029,Leksand,2018,9.5
2031,Rättvik,2018,9.4
2034,Orsa,2018,15.5
2039,Älvdalen,2018,13.3
2061,Smedjebacken,2018,10
2062,Mora,2018,9.2
2080,Falun,2018,10.9
2081,Borlänge,2018,14.5
2082,Säter,2018,8
2083,Hedemora,2018,14.2
2084,Avesta,2018,17.3
2085,Ludvika,2018,14.9
2101,Ockelbo,2018,18.6
2104,Hofors,2018,16.4
2121,Ovanåker,2018,13.8
2132,Nordanstig,2018,13.5
2161,Ljusdal,2018,17
2180,Gävle,2018,16.3
2181,Sandviken,2018,19.9
2182,Söderhamn,2018,18.5
2183,Bollnäs,2018,18
2184,Hudiksvall,2018,13.7
2260,Ånge,2018,14.7
2262,Timrå,2018,13.8
2280,Härnösand,2018,19.2
2281,Sundsvall,2018,13.8
2282,Kramfors,2018,17.5
2283,Sollefteå,2018,18
2284,Örnsköldsvik,2018,14.4
2303,Ragunda,2018,16.7
2305,Bräcke,2018,15.3
2309,Krokom,2018,10.5
2313,Strömsund,2018,17.2
2321,Åre,2018,12.9
2326,Berg,2018,13.2
2361,Härjedalen,2018,14.2
2380,Östersund,2018,12.1
2401,Nordmaling,2018,13.2
2403,Bjurholm,2018,15
2404,Vindeln,2018,11.6
2409,Robertsfors,2018,11.4
2417,Norsjö,2018,14.9
2418,Malå,2018,11.6
2421,Storuman,2018,12.3
2422,Sorsele,2018,12.5
2425,Dorotea,2018,12.8
2460,Vännäs,2018,10.9
2462,Vilhelmina,2018,16.7
2463,Åsele,2018,17
2480,Umeå,2018,10.1
2481,Lycksele,2018,13.5
2482,Skellefteå,2018,11.6
2505,Arvidsjaur,2018,16.1
2506,Arjeplog,2018,14
2510,Jokkmokk,2018,14.2
2513,Överkalix,2018,15.7
2514,Kalix,2018,13.9
2518,Övertorneå,2018,18.2
2521,Pajala,2018,16.4
2523,Gällivare,2018,9.4
2560,Älvsbyn,2018,13.7
2580,Luleå,2018,11.9
2581,Piteå,2018,12.2
2582,Boden,2018,12.8
2583,Haparanda,2018,20.6
2584,Kiruna,2018,9.4
0114,Upplands Väsby,2019,12.1
0115,Vallentuna,2019,6.8
0117,Österåker,2019,7.1
0120,Värmdö,2019,7.6
0123,Järfälla,2019,12.7
0125,Ekerö,2019,6.3
0126,Huddinge,2019,11.3
0127,Botkyrka,2019,16.3
0128,Salem,2019,8.8
0136,Haninge,2019,11.7
0138,Tyresö,2019,8.8
0139,Upplands-Bro,2019,12.3
0140,Nykvarn,2019,7.3
0160,Täby,2019,6.3
0162,Danderyd,2019,6
0163,Sollentuna,2019,9.6
0180,Stockholm,2019,10
0181,Södertälje,2019,17.3
0182,Nacka,2019,8.2
0183,Sundbyberg,2019,10.9
0184,Solna,2019,7.7
0186,Lidingö,2019,7
0187,Vaxholm,2019,6.5
0188,Norrtälje,2019,8.9
0191,Sigtuna,2019,12.6
0192,Nynäshamn,2019,11.1
0305,Håbo,2019,8.7
0319,Älvkarleby,2019,15.5
0330,Knivsta,2019,7
0331,Heby,2019,10.9
0360,Tierp,2019,12.3
0380,Uppsala,2019,10.1
0381,Enköping,2019,12
0382,Östhammar,2019,7.7
0428,Vingåker,2019,14.5
0461,Gnesta,2019,8.5
0480,Nyköping,2019,13.2
0481,Oxelösund,2019,17.6
0482,Flen,2019,19.2
0483,Katrineholm,2019,16.1
0484,Eskilstuna,2019,19.6
0486,Strängnäs,2019,11.4
0488,Trosa,2019,7.4
0509,Ödeshög,2019,12.1
0512,Ydre,2019,7.1
0513,Kinda,2019,8.8
0560,Boxholm,2019,10.4
0561,Åtvidaberg,2019,9.3
0562,Finspång,2019,14.4
0563,Valdemarsvik,2019,14.8
0580,Linköping,2019,9.8
0581,Norrköping,2019,16.2
0582,Söderköping,2019,9.6
0583,Motala,2019,15.5
0584,Vadstena,2019,10.6
0586,Mjölby,2019,11
0604,Aneby,2019,10.9
0617,Gnosjö,2019,9.6
0642,Mullsjö,2019,8.2
0643,Habo,2019,6.8
0662,Gislaved,2019,12.4
0665,Vaggeryd,2019,9.6
0680,Jönköping,2019,9.8
0682,Nässjö,2019,14.8
0683,Värnamo,2019,10.3
0684,Sävsjö,2019,13.3
0685,Vetlanda,2019,11.3
0686,Eksjö,2019,11.6
0687,Tranås,2019,13.6
0760,Uppvidinge,2019,14.6
0761,Lessebo,2019,21.4
0763,Tingsryd,2019,11.4
0764,Alvesta,2019,14.3
0765,Älmhult,2019,13
0767,Markaryd,2019,16.4
0780,Växjö,2019,12.4
0781,Ljungby,2019,11.9
0821,Högsby,2019,18.4
0834,Torsås,2019,13.2
0840,Mörbylånga,2019,8.6
0860,Hultsfred,2019,16.5
0861,Mönsterås,2019,12.8
0862,Emmaboda,2019,14.8
0880,Kalmar,2019,11.7
0881,Nybro,2019,13.7
0882,Oskarshamn,2019,12.1
0883,Västervik,2019,13.6
0884,Vimmerby,2019,11.5
0885,Borgholm,2019,11.1
0980,Gotland,2019,10.9
1060,Olofström,2019,16.8
1080,Karlskrona,2019,12.7
1081,Ronneby,2019,19.9
1082,Karlshamn,2019,16.3
1083,Sölvesborg,2019,14.6
1214,Svalöv,2019,12.1
1230,Staffanstorp,2019,8.9
1231,Burlöv,2019,17.2
1233,Vellinge,2019,7.4
1256,Östra Göinge,2019,19.2
1257,Örkelljunga,2019,12.7
1260,Bjuv,2019,15.9
1261,Kävlinge,2019,9.1
1262,Lomma,2019,6.8
1263,Svedala,2019,9.4
1264,Skurup,2019,12.9
1265,Sjöbo,2019,10.4
1266,Hörby,2019,11.5
1267,Höör,2019,9.8
1270,Tomelilla,2019,13.9
1272,Bromölla,2019,15.9
1273,Osby,2019,14
1275,Perstorp,2019,20.4
1276,Klippan,2019,14.2
1277,Åstorp,2019,16.9
1278,Båstad,2019,10.8
1280,Malmö,2019,18.8
1281,Lund,2019,8.8
1282,Landskrona,2019,18
1283,Helsingborg,2019,16.3
1284,Höganäs,2019,10.3
1285,Eslöv,2019,13.8
1286,Ystad,2019,10.7
1287,Trelleborg,2019,13.1
1290,Kristianstad,2019,15.7
1291,Simrishamn,2019,12.8
1292,Ängelholm,2019,10.8
1293,Hässleholm,2019,15.2
1315,Hylte,2019,15.9
1380,Halmstad,2019,13.2
1381,Laholm,2019,12
1382,Falkenberg,2019,11.9
1383,Varberg,2019,8.7
1384,Kungsbacka,2019,6.9
1401,Härryda,2019,6.9
1402,Partille,2019,8.6
1407,Öckerö,2019,5.9
1415,Stenungsund,2019,7.4
1419,Tjörn,2019,7
1421,Orust,2019,7.5
1427,Sotenäs,2019,8.2
1430,Munkedal,2019,10.8
1435,Tanum,2019,9.7
1438,Dals-Ed,2019,9.9
1439,Färgelanda,2019,12.9
1440,Ale,2019,8.7
1441,Lerum,2019,6.9
1442,Vårgårda,2019,10.6
1443,Bollebygd,2019,8.3
1444,Grästorp,2019,9.6
1445,Essunga,2019,11.7
1446,Karlsborg,2019,9.2
1447,Gullspång,2019,16.1
1452,Tranemo,2019,9
1460,Bengtsfors,2019,16.7
1461,Mellerud,2019,16
1462,Lilla Edet,2019,10.2
1463,Mark,2019,9.3
1465,Svenljunga,2019,9.2
1466,Herrljunga,2019,9.6
1470,Vara,2019,9.3
1471,Götene,2019,10.3
1472,Tibro,2019,14.9
1473,Töreboda,2019,15.1
1480,Göteborg,2019,12.1
1481,Mölndal,2019,7.6
1482,Kungälv,2019,7.4
1484,Lysekil,2019,11.6
1485,Uddevalla,2019,14.4
1486,Strömstad,2019,9.7
1487,Vänersborg,2019,14.3
1488,Trollhättan,2019,16.1
1489,Alingsås,2019,9.1
1490,Borås,2019,13.2
1491,Ulricehamn,2019,9.1
1492,Åmål,2019,19.1
1493,Mariestad,2019,11.5
1494,Lidköping,2019,9.7
1495,Skara,2019,14.1
1496,Skövde,2019,10.8
1497,Hjo,2019,9.7
1498,Tidaholm,2019,10.7
1499,Falköping,2019,13
1715,Kil,2019,12
1730,Eda,2019,11.6
1737,Torsby,2019,10.8
1760,Storfors,2019,16.8
1761,Hammarö,2019,8.3
1762,Munkfors,2019,14.8
1763,Forshaga,2019,12.9
1764,Grums,2019,13.2
1765,Årjäng,2019,9.1
1766,Sunne,2019,10.2
1780,Karlstad,2019,12.5
1781,Kristinehamn,2019,15.4
1782,Filipstad,2019,18
1783,Hagfors,2019,12.4
1784,Arvika,2019,11.5
1785,Säffle,2019,17.4
1814,Lekeberg,2019,9
1860,Laxå,2019,14.9
1861,Hallsberg,2019,14.1
1862,Degerfors,2019,14.5
1863,Hällefors,2019,18
1864,Ljusnarsberg,2019,17.4
1880,Örebro,2019,13.6
1881,Kumla,2019,11.9
1882,Askersund,2019,10.6
1883,Karlskoga,2019,14
1884,Nora,2019,12.8
1885,Lindesberg,2019,14.2
1904,Skinnskatteberg,2019,12.5
1907,Surahammar,2019,12.9
1960,Kungsör,2019,16.3
1961,Hallstahammar,2019,13.8
1962,Norberg,2019,15.8
1980,Västerås,2019,14.7
1981,Sala,2019,13.6
1982,Fagersta,2019,17.9
1983,Köping,2019,15.5
1984,Arboga,2019,15
2021,Vansbro,2019,10
2023,Malung-Sälen,2019,9.2
2026,Gagnef,2019,8.2
2029,Leksand,2019,9.1
2031,Rättvik,2019,8.9
2034,Orsa,2019,14.9
2039,Älvdalen,2019,12.5
2061,Smedjebacken,2019,9.8
2062,Mora,2019,9.3
2080,Falun,2019,10.2
2081,Borlänge,2019,13.9
2082,Säter,2019,8.3
2083,Hedemora,2019,13.8
2084,Avesta,2019,16.3
2085,Ludvika,2019,14.9
2101,Ockelbo,2019,18.2
2104,Hofors,2019,16.4
2121,Ovanåker,2019,15.2
2132,Nordanstig,2019,12.5
2161,Ljusdal,2019,15.6
2180,Gävle,2019,16.1
2181,Sandviken,2019,19
2182,Söderhamn,2019,18.9
2183,Bollnäs,2019,17.9
2184,Hudiksvall,2019,13.2
2260,Ånge,2019,12.9
2262,Timrå,2019,13.5
2280,Härnösand,2019,19.2
2281,Sundsvall,2019,13.1
2282,Kramfors,2019,16.6
2283,Sollefteå,2019,16
2284,Örnsköldsvik,2019,13.9
2303,Ragunda,2019,15
2305,Bräcke,2019,14.6
2309,Krokom,2019,9.4
2313,Strömsund,2019,16.9
2321,Åre,2019,12.8
2326,Berg,2019,11.3
2361,Härjedalen,2019,13.9
2380,Östersund,2019,12.1
2401,Nordmaling,2019,12.8
2403,Bjurholm,2019,13
2404,Vindeln,2019,10.4
2409,Robertsfors,2019,10.7
2417,Norsjö,2019,13.3
2418,Malå,2019,10.2
2421,Storuman,2019,11.4
2422,Sorsele,2019,12.1
2425,Dorotea,2019,13.2
2460,Vännäs,2019,10.1
2462,Vilhelmina,2019,14.5
2463,Åsele,2019,15.9
2480,Umeå,2019,9.6
2481,Lycksele,2019,12.2
2482,Skellefteå,2019,10.9
2505,Arvidsjaur,2019,15.2
2506,Arjeplog,2019,12.3
2510,Jokkmokk,2019,11.4
2513,Överkalix,2019,15.9
2514,Kalix,2019,13.3
2518,Övertorneå,2019,16.4
2521,Pajala,2019,14.2
2523,Gällivare,2019,8.4
2560,Älvsbyn,2019,13.2
2580,Luleå,2019,11.3
2581,Piteå,2019,11.2
2582,Boden,2019,12.4
2583,Haparanda,2019,19.2
2584,Kiruna,2019,8.5
0114,Upplands Väsby,2020,15.9
0115,Vallentuna,2020,8.5
0117,Österåker,2020,9.1
0120,Värmdö,2020,9.7
0123,Järfälla,2020,16.2
0125,Ekerö,2020,8.1
0126,Huddinge,2020,14.1
0127,Botkyrka,2020,19.4
0128,Salem,2020,11.4
0136,Haninge,2020,14.7
0138,Tyresö,2020,11.5
0139,Upplands-Bro,2020,15.4
0140,Nykvarn,2020,8.9
0160,Täby,2020,8.5
0162,Danderyd,2020,7.7
0163,Sollentuna,2020,12.5
0180,Stockholm,2020,13.4
0181,Södertälje,2020,20.2
0182,Nacka,2020,10.8
0183,Sundbyberg,2020,14.1
0184,Solna,2020,10.9
0186,Lidingö,2020,9.5
0187,Vaxholm,2020,8.7
0188,Norrtälje,2020,10.6
0191,Sigtuna,2020,18.9
0192,Nynäshamn,2020,13.3
0305,Håbo,2020,10.9
0319,Älvkarleby,2020,16.1
0330,Knivsta,2020,10.1
0331,Heby,2020,13.2
0360,Tierp,2020,14.6
0380,Uppsala,2020,12.3
0381,Enköping,2020,13.4
0382,Östhammar,2020,8.5
0428,Vingåker,2020,16.3
0461,Gnesta,2020,10.8
0480,Nyköping,2020,15.6
0481,Oxelösund,2020,19
0482,Flen,2020,20
0483,Katrineholm,2020,17
0484,Eskilstuna,2020,21.3
0486,Strängnäs,2020,13
0488,Trosa,2020,9.2
0509,Ödeshög,2020,13.4
0512,Ydre,2020,7.9
0513,Kinda,2020,9.6
0560,Boxholm,2020,11.2
0561,Åtvidaberg,2020,10.2
0562,Finspång,2020,15.3
0563,Valdemarsvik,2020,14.6
0580,Linköping,2020,11.2
0581,Norrköping,2020,17.8
0582,Söderköping,2020,10.8
0583,Motala,2020,16.3
0584,Vadstena,2020,12.7
0586,Mjölby,2020,12.6
0604,Aneby,2020,12.4
0617,Gnosjö,2020,12.1
0642,Mullsjö,2020,10.6
0643,Habo,2020,7.7
0662,Gislaved,2020,13.9
0665,Vaggeryd,2020,12.2
0680,Jönköping,2020,11.9
0682,Nässjö,2020,16
0683,Värnamo,2020,12
0684,Sävsjö,2020,14.3
0685,Vetlanda,2020,12.7
0686,Eksjö,2020,12.5
0687,Tranås,2020,15.8
0760,Uppvidinge,2020,16.3
0761,Lessebo,2020,22.5
0763,Tingsryd,2020,13.1
0764,Alvesta,2020,16.4
0765,Älmhult,2020,13.4
0767,Markaryd,2020,16.5
0780,Växjö,2020,14.2
0781,Ljungby,2020,13.6
0821,Högsby,2020,17.6
0834,Torsås,2020,14.2
0840,Mörbylånga,2020,9.4
0860,Hultsfred,2020,16.9
0861,Mönsterås,2020,13.6
0862,Emmaboda,2020,16
0880,Kalmar,2020,13.5
0881,Nybro,2020,14.6
0882,Oskarshamn,2020,13.1
0883,Västervik,2020,15
0884,Vimmerby,2020,13.5
0885,Borgholm,2020,12.1
0980,Gotland,2020,13
1060,Olofström,2020,17.7
1080,Karlskrona,2020,13.7
1081,Ronneby,2020,20.5
1082,Karlshamn,2020,17.3
1083,Sölvesborg,2020,16.5
1214,Svalöv,2020,13.3
1230,Staffanstorp,2020,10.4
1231,Burlöv,2020,19.5
1233,Vellinge,2020,9.1
1256,Östra Göinge,2020,20.2
1257,Örkelljunga,2020,14.3
1260,Bjuv,2020,17.3
1261,Kävlinge,2020,10.8
1262,Lomma,2020,7.9
1263,Svedala,2020,11
1264,Skurup,2020,14.3
1265,Sjöbo,2020,11.6
1266,Hörby,2020,13.1
1267,Höör,2020,11.8
1270,Tomelilla,2020,14.7
1272,Bromölla,2020,16.5
1273,Osby,2020,15
1275,Perstorp,2020,22.1
1276,Klippan,2020,15.2
1277,Åstorp,2020,17.7
1278,Båstad,2020,12
1280,Malmö,2020,21.2
1281,Lund,2020,10.6
1282,Landskrona,2020,19.3
1283,Helsingborg,2020,18.5
1284,Höganäs,2020,12.1
1285,Eslöv,2020,15.6
1286,Ystad,2020,12
1287,Trelleborg,2020,15.1
1290,Kristianstad,2020,17.1
1291,Simrishamn,2020,13.1
1292,Ängelholm,2020,12.2
1293,Hässleholm,2020,16.7
1315,Hylte,2020,17
1380,Halmstad,2020,15.1
1381,Laholm,2020,12.7
1382,Falkenberg,2020,13.7
1383,Varberg,2020,10.1
1384,Kungsbacka,2020,8.5
1401,Härryda,2020,9.3
1402,Partille,2020,11.5
1407,Öckerö,2020,6.9
1415,Stenungsund,2020,9.6
1419,Tjörn,2020,8.2
1421,Orust,2020,9.1
1427,Sotenäs,2020,10.8
1430,Munkedal,2020,13.7
1435,Tanum,2020,11.7
1438,Dals-Ed,2020,11.1
1439,Färgelanda,2020,14.7
1440,Ale,2020,11
1441,Lerum,2020,9.4
1442,Vårgårda,2020,12.2
1443,Bollebygd,2020,9.9
1444,Grästorp,2020,10.2
1445,Essunga,2020,12.6
1446,Karlsborg,2020,11.3
1447,Gullspång,2020,16.6
1452,Tranemo,2020,10.3
1460,Bengtsfors,2020,17.9
1461,Mellerud,2020,18
1462,Lilla Edet,2020,12.8
1463,Mark,2020,11
1465,Svenljunga,2020,11.5
1466,Herrljunga,2020,10.9
1470,Vara,2020,10.9
1471,Götene,2020,11.5
1472,Tibro,2020,17.4
1473,Töreboda,2020,15.8
1480,Göteborg,2020,15.6
1481,Mölndal,2020,10.2
1482,Kungälv,2020,9.6
1484,Lysekil,2020,13.3
1485,Uddevalla,2020,15.7
1486,Strömstad,2020,15.1
1487,Vänersborg,2020,16.4
1488,Trollhättan,2020,18.4
1489,Alingsås,2020,11.2
1490,Borås,2020,15.4
1491,Ulricehamn,2020,10.4
1492,Åmål,2020,19.8
1493,Mariestad,2020,11.8
1494,Lidköping,2020,11.2
1495,Skara,2020,15.3
1496,Skövde,2020,13.1
1497,Hjo,2020,12
1498,Tidaholm,2020,12.2
1499,Falköping,2020,15.2
1715,Kil,2020,13.4
1730,Eda,2020,14.1
1737,Torsby,2020,12.3
1760,Storfors,2020,17.1
1761,Hammarö,2020,9.6
1762,Munkfors,2020,16.2
1763,Forshaga,2020,13.9
1764,Grums,2020,15.3
1765,Årjäng,2020,11
1766,Sunne,2020,12.4
1780,Karlstad,2020,14.4
1781,Kristinehamn,2020,16.8
1782,Filipstad,2020,18
1783,Hagfors,2020,13.3
1784,Arvika,2020,13.8
1785,Säffle,2020,18.7
1814,Lekeberg,2020,10.1
1860,Laxå,2020,14.5
1861,Hallsberg,2020,15
1862,Degerfors,2020,15.2
1863,Hällefors,2020,19.1
1864,Ljusnarsberg,2020,17.6
1880,Örebro,2020,15.2
1881,Kumla,2020,12.7
1882,Askersund,2020,10.9
1883,Karlskoga,2020,14.8
1884,Nora,2020,13.7
1885,Lindesberg,2020,15.2
1904,Skinnskatteberg,2020,14.1
1907,Surahammar,2020,15.7
1960,Kungsör,2020,18.1
1961,Hallstahammar,2020,15.1
1962,Norberg,2020,18.3
1980,Västerås,2020,16.7
1981,Sala,2020,15
1982,Fagersta,2020,18.9
1983,Köping,2020,17.1
1984,Arboga,2020,16.8
2021,Vansbro,2020,10.6
2023,Malung-Sälen,2020,11.5
2026,Gagnef,2020,9.1
2029,Leksand,2020,10.6
2031,Rättvik,2020,11
2034,Orsa,2020,15.6
2039,Älvdalen,2020,15.6
2061,Smedjebacken,2020,11.3
2062,Mora,2020,11.6
2080,Falun,2020,10.9
2081,Borlänge,2020,15.6
2082,Säter,2020,9.5
2083,Hedemora,2020,14.6
2084,Avesta,2020,17.2
2085,Ludvika,2020,16.7
2101,Ockelbo,2020,18.9
2104,Hofors,2020,17.3
2121,Ovanåker,2020,16.1
2132,Nordanstig,2020,14.7
2161,Ljusdal,2020,17.3
2180,Gävle,2020,18.2
2181,Sandviken,2020,20.4
2182,Söderhamn,2020,19.5
2183,Bollnäs,2020,18.6
2184,Hudiksvall,2020,15.1
2260,Ånge,2020,14.2
2262,Timrå,2020,15.8
2280,Härnösand,2020,19.8
2281,Sundsvall,2020,14.8
2282,Kramfors,2020,16.6
2283,Sollefteå,2020,16.9
2284,Örnsköldsvik,2020,14.6
2303,Ragunda,2020,15.1
2305,Bräcke,2020,15.4
2309,Krokom,2020,10.1
2313,Strömsund,2020,16.5
2321,Åre,2020,18.3
2326,Berg,2020,13.3
2361,Härjedalen,2020,14.5
2380,Östersund,2020,14
2401,Nordmaling,2020,14.3
2403,Bjurholm,2020,13.7
2404,Vindeln,2020,11.3
2409,Robertsfors,2020,12
2417,Norsjö,2020,12.7
2418,Malå,2020,11.6
2421,Storuman,2020,13.5
2422,Sorsele,2020,12.2
2425,Dorotea,2020,12.4
2460,Vännäs,2020,11.2
2462,Vilhelmina,2020,16.2
2463,Åsele,2020,16.4
2480,Umeå,2020,11.4
2481,Lycksele,2020,12.7
2482,Skellefteå,2020,12.1
2505,Arvidsjaur,2020,15.4
2506,Arjeplog,2020,12.8
2510,Jokkmokk,2020,12.1
2513,Överkalix,2020,15.9
2514,Kalix,2020,13.9
2518,Övertorneå,2020,15.1
2521,Pajala,2020,13.2
2523,Gällivare,2020,9
2560,Älvsbyn,2020,16
2580,Luleå,2020,12.5
2581,Piteå,2020,11.9
2582,Boden,2020,13
2583,Haparanda,2020,18.2
2584,Kiruna,2020,9.8
0114,Upplands Väsby,2021,15.3
0115,Vallentuna,2021,8.1
0117,Österåker,2021,8.5
0120,Värmdö,2021,8.9
0123,Järfälla,2021,15.6
0125,Ekerö,2021,7.4
0126,Huddinge,2021,13.4
0127,Botkyrka,2021,19
0128,Salem,2021,10.6
0136,Haninge,2021,13.9
0138,Tyresö,2021,10.7
0139,Upplands-Bro,2021,14.8
0140,Nykvarn,2021,8.2
0160,Täby,2021,8
0162,Danderyd,2021,7
0163,Sollentuna,2021,12
0180,Stockholm,2021,12.5
0181,Södertälje,2021,19.6
0182,Nacka,2021,9.6
0183,Sundbyberg,2021,13.1
0184,Solna,2021,9.7
0186,Lidingö,2021,8.9
0187,Vaxholm,2021,8.3
0188,Norrtälje,2021,10.4
0191,Sigtuna,2021,18.5
0192,Nynäshamn,2021,12.8
0305,Håbo,2021,10.5
0319,Älvkarleby,2021,16
0330,Knivsta,2021,10.1
0331,Heby,2021,13
0360,Tierp,2021,14
0380,Uppsala,2021,11.8
0381,Enköping,2021,13.2
0382,Östhammar,2021,8.8
0428,Vingåker,2021,15
0461,Gnesta,2021,10
0480,Nyköping,2021,14.5
0481,Oxelösund,2021,16.9
0482,Flen,2021,19.6
0483,Katrineholm,2021,15.7
0484,Eskilstuna,2021,20.1
0486,Strängnäs,2021,12.8
0488,Trosa,2021,8.7
0509,Ödeshög,2021,11.8
0512,Ydre,2021,7.2
0513,Kinda,2021,9.3
0560,Boxholm,2021,10.9
0561,Åtvidaberg,2021,9.7
0562,Finspång,2021,14.7
0563,Valdemarsvik,2021,12.3
0580,Linköping,2021,10.6
0581,Norrköping,2021,16.8
0582,Söderköping,2021,9.9
0583,Motala,2021,14.8
0584,Vadstena,2021,11.5
0586,Mjölby,2021,11.5
0604,Aneby,2021,11.9
0617,Gnosjö,2021,11.1
0642,Mullsjö,2021,9.6
0643,Habo,2021,7.2
0662,Gislaved,2021,12.5
0665,Vaggeryd,2021,11.2
0680,Jönköping,2021,11.3
0682,Nässjö,2021,15.1
0683,Värnamo,2021,10.8
0684,Sävsjö,2021,13.4
0685,Vetlanda,2021,12.1
0686,Eksjö,2021,12
0687,Tranås,2021,14.3
0760,Uppvidinge,2021,14.6
0761,Lessebo,2021,20.2
0763,Tingsryd,2021,12.3
0764,Alvesta,2021,15.5
0765,Älmhult,2021,13.1
0767,Markaryd,2021,14.3
0780,Växjö,2021,13.1
0781,Ljungby,2021,12
0821,Högsby,2021,15.7
0834,Torsås,2021,12.3
0840,Mörbylånga,2021,8.7
0860,Hultsfred,2021,15.6
0861,Mönsterås,2021,12.4
0862,Emmaboda,2021,14.6
0880,Kalmar,2021,12.3
0881,Nybro,2021,13.8
0882,Oskarshamn,2021,12.1
0883,Västervik,2021,13
0884,Vimmerby,2021,11.5
0885,Borgholm,2021,11.4
0980,Gotland,2021,11.6
1060,Olofström,2021,16
1080,Karlskrona,2021,12.6
1081,Ronneby,2021,18.3
1082,Karlshamn,2021,15.7
1083,Sölvesborg,2021,14.3
1214,Svalöv,2021,13.3
1230,Staffanstorp,2021,9.9
1231,Burlöv,2021,18.8
1233,Vellinge,2021,8
1256,Östra Göinge,2021,18.9
1257,Örkelljunga,2021,14.2
1260,Bjuv,2021,17.3
1261,Kävlinge,2021,10
1262,Lomma,2021,7.3
1263,Svedala,2021,10.2
1264,Skurup,2021,13.6
1265,Sjöbo,2021,11.1
1266,Hörby,2021,12
1267,Höör,2021,10.5
1270,Tomelilla,2021,13.5
1272,Bromölla,2021,15.4
1273,Osby,2021,14.2
1275,Perstorp,2021,21.8
1276,Klippan,2021,14.8
1277,Åstorp,2021,17.2
1278,Båstad,2021,10.9
1280,Malmö,2021,20.4
1281,Lund,2021,9.8
1282,Landskrona,2021,18.5
1283,Helsingborg,2021,18
1284,Höganäs,2021,10.8
1285,Eslöv,2021,15
1286,Ystad,2021,10.8
1287,Trelleborg,2021,14.4
1290,Kristianstad,2021,16.9
1291,Simrishamn,2021,11.7
1292,Ängelholm,2021,11.5
1293,Hässleholm,2021,15.8
1315,Hylte,2021,15.9
1380,Halmstad,2021,14.2
1381,Laholm,2021,11.9
1382,Falkenberg,2021,13.3
1383,Varberg,2021,9.5
1384,Kungsbacka,2021,7.6
1401,Härryda,2021,8.7
1402,Partille,2021,10.9
1407,Öckerö,2021,7
1415,Stenungsund,2021,9.1
1419,Tjörn,2021,7.6
1421,Orust,2021,8.7
1427,Sotenäs,2021,11.1
1430,Munkedal,2021,12.9
1435,Tanum,2021,11.7
1438,Dals-Ed,2021,10.9
1439,Färgelanda,2021,14.1
1440,Ale,2021,10.2
1441,Lerum,2021,8.4
1442,Vårgårda,2021,12
1443,Bollebygd,2021,9.9
1444,Grästorp,2021,9.4
1445,Essunga,2021,12
1446,Karlsborg,2021,9.4
1447,Gullspång,2021,16
1452,Tranemo,2021,9.9
1460,Bengtsfors,2021,15.8
1461,Mellerud,2021,16.3
1462,Lilla Edet,2021,12.4
1463,Mark,2021,10.4
1465,Svenljunga,2021,11.7
1466,Herrljunga,2021,10
1470,Vara,2021,10.2
1471,Götene,2021,10.9
1472,Tibro,2021,16.5
1473,Töreboda,2021,15.2
1480,Göteborg,2021,14.9
1481,Mölndal,2021,9.5
1482,Kungälv,2021,9.1
1484,Lysekil,2021,13
1485,Uddevalla,2021,15.7
1486,Strömstad,2021,15.6
1487,Vänersborg,2021,15.6
1488,Trollhättan,2021,18.1
1489,Alingsås,2021,10.5
1490,Borås,2021,14.6
1491,Ulricehamn,2021,10.3
1492,Åmål,2021,18.4
1493,Mariestad,2021,11.1
1494,Lidköping,2021,10.4
1495,Skara,2021,13.6
1496,Skövde,2021,11.6
1497,Hjo,2021,11
1498,Tidaholm,2021,11.3
1499,Falköping,2021,14.5
1715,Kil,2021,11.9
1730,Eda,2021,13.9
1737,Torsby,2021,11.3
1760,Storfors,2021,15.8
1761,Hammarö,2021,8.7
1762,Munkfors,2021,15.2
1763,Forshaga,2021,13.2
1764,Grums,2021,14.8
1765,Årjäng,2021,10.9
1766,Sunne,2021,11.2
1780,Karlstad,2021,13.3
1781,Kristinehamn,2021,15.9
1782,Filipstad,2021,16.1
1783,Hagfors,2021,12.7
1784,Arvika,2021,12.1
1785,Säffle,2021,17
1814,Lekeberg,2021,8.7
1860,Laxå,2021,13.4
1861,Hallsberg,2021,13.9
1862,Degerfors,2021,15.7
1863,Hällefors,2021,17.3
1864,Ljusnarsberg,2021,15.9
1880,Örebro,2021,14.5
1881,Kumla,2021,11.8
1882,Askersund,2021,10.1
1883,Karlskoga,2021,13.7
1884,Nora,2021,12.3
1885,Lindesberg,2021,13.9
1904,Skinnskatteberg,2021,13.9
1907,Surahammar,2021,13.8
1960,Kungsör,2021,16.3
1961,Hallstahammar,2021,14.3
1962,Norberg,2021,17.1
1980,Västerås,2021,16.1
1981,Sala,2021,14.6
1982,Fagersta,2021,18.1
1983,Köping,2021,15.8
1984,Arboga,2021,15.8
2021,Vansbro,2021,9.6
2023,Malung-Sälen,2021,9.9
2026,Gagnef,2021,8.2
2029,Leksand,2021,9.4
2031,Rättvik,2021,10.4
2034,Orsa,2021,14.3
2039,Älvdalen,2021,13.7
2061,Smedjebacken,2021,11.7
2062,Mora,2021,10.4
2080,Falun,2021,9.8
2081,Borlänge,2021,15.2
2082,Säter,2021,9.1
2083,Hedemora,2021,13.9
2084,Avesta,2021,15.8
2085,Ludvika,2021,16
2101,Ockelbo,2021,15.4
2104,Hofors,2021,16.8
2121,Ovanåker,2021,14.5
2132,Nordanstig,2021,13.7
2161,Ljusdal,2021,16.4
2180,Gävle,2021,17
2181,Sandviken,2021,18.2
2182,Söderhamn,2021,18.7
2183,Bollnäs,2021,16.9
2184,Hudiksvall,2021,13.8
2260,Ånge,2021,14.1
2262,Timrå,2021,15.6
2280,Härnösand,2021,17.9
2281,Sundsvall,2021,14.3
2282,Kramfors,2021,15.3
2283,Sollefteå,2021,15.8
2284,Örnsköldsvik,2021,13.2
2303,Ragunda,2021,12.9
2305,Bräcke,2021,13.7
2309,Krokom,2021,9.1
2313,Strömsund,2021,14.9
2321,Åre,2021,13.5
2326,Berg,2021,13.3
2361,Härjedalen,2021,13
2380,Östersund,2021,12.6
2401,Nordmaling,2021,12.4
2403,Bjurholm,2021,12.6
2404,Vindeln,2021,10.4
2409,Robertsfors,2021,10.6
2417,Norsjö,2021,10.8
2418,Malå,2021,10.3
2421,Storuman,2021,11.8
2422,Sorsele,2021,11.2
2425,Dorotea,2021,11.5
2460,Vännäs,2021,10.9
2462,Vilhelmina,2021,15.7
2463,Åsele,2021,15.5
2480,Umeå,2021,10.2
2481,Lycksele,2021,12.3
2482,Skellefteå,2021,11.1
2505,Arvidsjaur,2021,14.8
2506,Arjeplog,2021,11.5
2510,Jokkmokk,2021,10.6
2513,Överkalix,2021,14.2
2514,Kalix,2021,13
2518,Övertorneå,2021,13.1
2521,Pajala,2021,11.3
2523,Gällivare,2021,8
2560,Älvsbyn,2021,16.2
2580,Luleå,2021,11.2
2581,Piteå,2021,11.4
2582,Boden,2021,12.4
2583,Haparanda,2021,17.3
2584,Kiruna,2021,8.5
0114,Upplands Väsby,2022,12.9
0115,Vallentuna,2022,6.7
0117,Österåker,2022,7.5
0120,Värmdö,2022,7.4
0123,Järfälla,2022,13.6
0125,Ekerö,2022,5.8
0126,Huddinge,2022,11.6
0127,Botkyrka,2022,16.8
0128,Salem,2022,9.2
0136,Haninge,2022,12.2
0138,Tyresö,2022,8.9
0139,Upplands-Bro,2022,13.5
0140,Nykvarn,2022,7.5
0160,Täby,2022,6.5
0162,Danderyd,2022,5.7
0163,Sollentuna,2022,10.4
0180,Stockholm,2022,10.5
0181,Södertälje,2022,17.5
0182,Nacka,2022,7.7
0183,Sundbyberg,2022,11.2
0184,Solna,2022,7.8
0186,Lidingö,2022,6.9
0187,Vaxholm,2022,6.7
0188,Norrtälje,2022,9.1
0191,Sigtuna,2022,14.9
0192,Nynäshamn,2022,11.7
0305,Håbo,2022,8.6
0319,Älvkarleby,2022,13.9
0330,Knivsta,2022,7.9
0331,Heby,2022,11.7
0360,Tierp,2022,12.3
0380,Uppsala,2022,10.2
0381,Enköping,2022,11.5
0382,Östhammar,2022,7.8
0428,Vingåker,2022,13.2
0461,Gnesta,2022,8.9
0480,Nyköping,2022,13
0481,Oxelösund,2022,14.7
0482,Flen,2022,17.9
0483,Katrineholm,2022,14.7
0484,Eskilstuna,2022,17.7
0486,Strängnäs,2022,10.5
0488,Trosa,2022,7.3
0509,Ödeshög,2022,10.7
0512,Ydre,2022,6.3
0513,Kinda,2022,8.5
0560,Boxholm,2022,9.6
0561,Åtvidaberg,2022,8.6
0562,Finspång,2022,13
0563,Valdemarsvik,2022,11.1
0580,Linköping,2022,9.7
0581,Norrköping,2022,15.1
0582,Söderköping,2022,8.8
0583,Motala,2022,13.1
0584,Vadstena,2022,9.8
0586,Mjölby,2022,9.8
0604,Aneby,2022,11.3
0617,Gnosjö,2022,8.5
0642,Mullsjö,2022,8.5
0643,Habo,2022,6.2
0662,Gislaved,2022,10.6
0665,Vaggeryd,2022,9.4
0680,Jönköping,2022,9.7
0682,Nässjö,2022,13.7
0683,Värnamo,2022,9.1
0684,Sävsjö,2022,11.8
0685,Vetlanda,2022,10.8
0686,Eksjö,2022,10.8
0687,Tranås,2022,11.4
0760,Uppvidinge,2022,12.7
0761,Lessebo,2022,18
0763,Tingsryd,2022,12
0764,Alvesta,2022,13.8
0765,Älmhult,2022,11.5
0767,Markaryd,2022,12.3
0780,Växjö,2022,11.5
0781,Ljungby,2022,10.2
0821,Högsby,2022,14.4
0834,Torsås,2022,11.4
0840,Mörbylånga,2022,6.9
0860,Hultsfred,2022,13.9
0861,Mönsterås,2022,10.8
0862,Emmaboda,2022,12.8
0880,Kalmar,2022,10.8
0881,Nybro,2022,12.2
0882,Oskarshamn,2022,11.1
0883,Västervik,2022,11.5
0884,Vimmerby,2022,9.3
0885,Borgholm,2022,10.1
0980,Gotland,2022,9.3
1060,Olofström,2022,14.6
1080,Karlskrona,2022,10.6
1081,Ronneby,2022,16.7
1082,Karlshamn,2022,14.2
1083,Sölvesborg,2022,12.1
1214,Svalöv,2022,11.2
1230,Staffanstorp,2022,8.6
1231,Burlöv,2022,16.6
1233,Vellinge,2022,6.5
1256,Östra Göinge,2022,16.5
1257,Örkelljunga,2022,11.3
1260,Bjuv,2022,14.9
1261,Kävlinge,2022,8.4
1262,Lomma,2022,6
1263,Svedala,2022,8.7
1264,Skurup,2022,10.9
1265,Sjöbo,2022,10
1266,Hörby,2022,10.4
1267,Höör,2022,9.2
1270,Tomelilla,2022,12.3
1272,Bromölla,2022,14.1
1273,Osby,2022,12.8
1275,Perstorp,2022,20.1
1276,Klippan,2022,13.2
1277,Åstorp,2022,16.1
1278,Båstad,2022,9
1280,Malmö,2022,18
1281,Lund,2022,8.5
1282,Landskrona,2022,16.2
1283,Helsingborg,2022,16.5
1284,Höganäs,2022,9.5
1285,Eslöv,2022,12.9
1286,Ystad,2022,9.5
1287,Trelleborg,2022,12.8
1290,Kristianstad,2022,14.9
1291,Simrishamn,2022,10.6
1292,Ängelholm,2022,9.7
1293,Hässleholm,2022,14
1315,Hylte,2022,13.5
1380,Halmstad,2022,12.4
1381,Laholm,2022,9.8
1382,Falkenberg,2022,11.1
1383,Varberg,2022,7.6
1384,Kungsbacka,2022,6
1401,Härryda,2022,7
1402,Partille,2022,9
1407,Öckerö,2022,5.5
1415,Stenungsund,2022,7.1
1419,Tjörn,2022,6.3
1421,Orust,2022,6.9
1427,Sotenäs,2022,8
1430,Munkedal,2022,10.6
1435,Tanum,2022,9
1438,Dals-Ed,2022,9.4
1439,Färgelanda,2022,11.1
1440,Ale,2022,8
1441,Lerum,2022,6.7
1442,Vårgårda,2022,9.6
1443,Bollebygd,2022,7.2
1444,Grästorp,2022,7.2
1445,Essunga,2022,9.6
1446,Karlsborg,2022,7.8
1447,Gullspång,2022,14.5
1452,Tranemo,2022,7.9
1460,Bengtsfors,2022,13.1
1461,Mellerud,2022,14.8
1462,Lilla Edet,2022,10
1463,Mark,2022,8.1
1465,Svenljunga,2022,9.4
1466,Herrljunga,2022,8.2
1470,Vara,2022,9.5
1471,Götene,2022,8.7
1472,Tibro,2022,12.9
1473,Töreboda,2022,12.4
1480,Göteborg,2022,12.3
1481,Mölndal,2022,7.6
1482,Kungälv,2022,7.4
1484,Lysekil,2022,10.8
1485,Uddevalla,2022,13
1486,Strömstad,2022,10.4
1487,Vänersborg,2022,13.3
1488,Trollhättan,2022,15.2
1489,Alingsås,2022,8.8
1490,Borås,2022,12.1
1491,Ulricehamn,2022,8.1
1492,Åmål,2022,16.1
1493,Mariestad,2022,9.5
1494,Lidköping,2022,8.5
1495,Skara,2022,11.2
1496,Skövde,2022,9.5
1497,Hjo,2022,8
1498,Tidaholm,2022,8.7
1499,Falköping,2022,12.1
1715,Kil,2022,10
1730,Eda,2022,10.7
1737,Torsby,2022,9.2
1760,Storfors,2022,13.2
1761,Hammarö,2022,7.5
1762,Munkfors,2022,14.1
1763,Forshaga,2022,11
1764,Grums,2022,13.2
1765,Årjäng,2022,8.2
1766,Sunne,2022,9.6
1780,Karlstad,2022,11.5
1781,Kristinehamn,2022,14
1782,Filipstad,2022,15.4
1783,Hagfors,2022,10
1784,Arvika,2022,9.4
1785,Säffle,2022,14.5
1814,Lekeberg,2022,7.8
1860,Laxå,2022,12
1861,Hallsberg,2022,11
1862,Degerfors,2022,13.8
1863,Hällefors,2022,15.3
1864,Ljusnarsberg,2022,14.6
1880,Örebro,2022,12.7
1881,Kumla,2022,10.5
1882,Askersund,2022,8.8
1883,Karlskoga,2022,12
1884,Nora,2022,11.3
1885,Lindesberg,2022,12.5
1904,Skinnskatteberg,2022,12.1
1907,Surahammar,2022,11.6
1960,Kungsör,2022,14.9
1961,Hallstahammar,2022,11.8
1962,Norberg,2022,13.6
1980,Västerås,2022,14.4
1981,Sala,2022,12.3
1982,Fagersta,2022,17.1
1983,Köping,2022,14.2
1984,Arboga,2022,13.1
2021,Vansbro,2022,8.2
2023,Malung-Sälen,2022,7.9
2026,Gagnef,2022,7
2029,Leksand,2022,7.9
2031,Rättvik,2022,8.7
2034,Orsa,2022,12.8
2039,Älvdalen,2022,11.1
2061,Smedjebacken,2022,9.5
2062,Mora,2022,9.2
2080,Falun,2022,8.5
2081,Borlänge,2022,14
2082,Säter,2022,7.7
2083,Hedemora,2022,12.4
2084,Avesta,2022,13.8
2085,Ludvika,2022,13.6
2101,Ockelbo,2022,13.8
2104,Hofors,2022,15.2
2121,Ovanåker,2022,12.9
2132,Nordanstig,2022,12.3
2161,Ljusdal,2022,14.1
2180,Gävle,2022,15.5
2181,Sandviken,2022,17.3
2182,Söderhamn,2022,16.8
2183,Bollnäs,2022,16.2
2184,Hudiksvall,2022,11.6
2260,Ånge,2022,12.2
2262,Timrå,2022,13.7
2280,Härnösand,2022,16.2
2281,Sundsvall,2022,12.4
2282,Kramfors,2022,14.1
2283,Sollefteå,2022,13.9
2284,Örnsköldsvik,2022,10.9
2303,Ragunda,2022,11.1
2305,Bräcke,2022,12.1
2309,Krokom,2022,7.1
2313,Strömsund,2022,12.6
2321,Åre,2022,9.5
2326,Berg,2022,12.4
2361,Härjedalen,2022,10.5
2380,Östersund,2022,10.4
2401,Nordmaling,2022,10.2
2403,Bjurholm,2022,11.2
2404,Vindeln,2022,8.7
2409,Robertsfors,2022,8.8
2417,Norsjö,2022,10.4
2418,Malå,2022,9.7
2421,Storuman,2022,9.9
2422,Sorsele,2022,12.2
2425,Dorotea,2022,9
2460,Vännäs,2022,9
2462,Vilhelmina,2022,12.7
2463,Åsele,2022,13.1
2480,Umeå,2022,8.2
2481,Lycksele,2022,11
2482,Skellefteå,2022,8.6
2505,Arvidsjaur,2022,13.3
2506,Arjeplog,2022,10.5
2510,Jokkmokk,2022,7.9
2513,Överkalix,2022,12.5
2514,Kalix,2022,10.8
2518,Övertorneå,2022,11.2
2521,Pajala,2022,9.2
2523,Gällivare,2022,6.7
2560,Älvsbyn,2022,11.1
2580,Luleå,2022,9.6
2581,Piteå,2022,9.5
2582,Boden,2022,10.7
2583,Haparanda,2022,15.4
2584,Kiruna,2022,6.5
0114,Upplands Väsby,2023,12.9
0115,Vallentuna,2023,6.8
0117,Österåker,2023,7.2
0120,Värmdö,2023,7.2
0123,Järfälla,2023,13.1
0125,Ekerö,2023,6.3
0126,Huddinge,2023,11.2
0127,Botkyrka,2023,16.4
0128,Salem,2023,8.8
0136,Haninge,2023,12.1
0138,Tyresö,2023,8.8
0139,Upplands-Bro,2023,12.6
0140,Nykvarn,2023,7.1
0160,Täby,2023,6.9
0162,Danderyd,2023,5.7
0163,Sollentuna,2023,10.1
0180,Stockholm,2023,10.5
0181,Södertälje,2023,16.6
0182,Nacka,2023,7.8
0183,Sundbyberg,2023,11.2
0184,Solna,2023,8.1
0186,Lidingö,2023,7.2
0187,Vaxholm,2023,5.9
0188,Norrtälje,2023,8.7
0191,Sigtuna,2023,13.8
0192,Nynäshamn,2023,11.2
0305,Håbo,2023,8.7
0319,Älvkarleby,2023,13.5
0330,Knivsta,2023,7.9
0331,Heby,2023,11.1
0360,Tierp,2023,11.2
0380,Uppsala,2023,9.9
0381,Enköping,2023,11.3
0382,Östhammar,2023,7
0428,Vingåker,2023,12.2
0461,Gnesta,2023,8.5
0480,Nyköping,2023,12.5
0481,Oxelösund,2023,13.2
0482,Flen,2023,17
0483,Katrineholm,2023,14.2
0484,Eskilstuna,2023,16.8
0486,Strängnäs,2023,10
0488,Trosa,2023,6.9
0509,Ödeshög,2023,8.3
0512,Ydre,2023,6.3
0513,Kinda,2023,7.9
0560,Boxholm,2023,9.2
0561,Åtvidaberg,2023,8.4
0562,Finspång,2023,11.8
0563,Valdemarsvik,2023,11.4
0580,Linköping,2023,9.3
0581,Norrköping,2023,14.3
0582,Söderköping,2023,8.5
0583,Motala,2023,12
0584,Vadstena,2023,9.2
0586,Mjölby,2023,9.3
0604,Aneby,2023,10.1
0617,Gnosjö,2023,8.1
0642,Mullsjö,2023,7.9
0643,Habo,2023,6.4
0662,Gislaved,2023,10.4
0665,Vaggeryd,2023,8.4
0680,Jönköping,2023,9.4
0682,Nässjö,2023,13.3
0683,Värnamo,2023,8.6
0684,Sävsjö,2023,13.7
0685,Vetlanda,2023,11.3
0686,Eksjö,2023,10
0687,Tranås,2023,11
0760,Uppvidinge,2023,13.6
0761,Lessebo,2023,15.6
0763,Tingsryd,2023,10.8
0764,Alvesta,2023,13
0765,Älmhult,2023,11.1
0767,Markaryd,2023,11.3
0780,Växjö,2023,11.3
0781,Ljungby,2023,9.4
0821,Högsby,2023,14.4
0834,Torsås,2023,10.5
0840,Mörbylånga,2023,6.8
0860,Hultsfred,2023,13
0861,Mönsterås,2023,9.6
0862,Emmaboda,2023,11.7
0880,Kalmar,2023,10.7
0881,Nybro,2023,12.4
0882,Oskarshamn,2023,9.7
0883,Västervik,2023,10.9
0884,Vimmerby,2023,9.6
0885,Borgholm,2023,9.4
0980,Gotland,2023,8.4
1060,Olofström,2023,13.3
1080,Karlskrona,2023,9.8
1081,Ronneby,2023,15.3
1082,Karlshamn,2023,12.9
1083,Sölvesborg,2023,11.4
1214,Svalöv,2023,11.1
1230,Staffanstorp,2023,8.6
1231,Burlöv,2023,16.2
1233,Vellinge,2023,6.2
1256,Östra Göinge,2023,15.6
1257,Örkelljunga,2023,11.5
1260,Bjuv,2023,14.9
1261,Kävlinge,2023,8.3
1262,Lomma,2023,6.1
1263,Svedala,2023,8.5
1264,Skurup,2023,10.8
1265,Sjöbo,2023,9.5
1266,Hörby,2023,9.8
1267,Höör,2023,8.9
1270,Tomelilla,2023,11.2
1272,Bromölla,2023,14
1273,Osby,2023,12.7
1275,Perstorp,2023,18.7
1276,Klippan,2023,12.4
1277,Åstorp,2023,16
1278,Båstad,2023,9.1
1280,Malmö,2023,17.7
1281,Lund,2023,8.4
1282,Landskrona,2023,15.5
1283,Helsingborg,2023,16.3
1284,Höganäs,2023,9.2
1285,Eslöv,2023,12.4
1286,Ystad,2023,9.5
1287,Trelleborg,2023,12.4
1290,Kristianstad,2023,14.2
1291,Simrishamn,2023,9.9
1292,Ängelholm,2023,9.8
1293,Hässleholm,2023,13.8
1315,Hylte,2023,11.8
1380,Halmstad,2023,11.9
1381,Laholm,2023,9.5
1382,Falkenberg,2023,10.5
1383,Varberg,2023,7.6
1384,Kungsbacka,2023,5.6
1401,Härryda,2023,6.8
1402,Partille,2023,8.5
1407,Öckerö,2023,5
1415,Stenungsund,2023,6.8
1419,Tjörn,2023,5.8
1421,Orust,2023,6.7
1427,Sotenäs,2023,7.8
1430,Munkedal,2023,9.6
1435,Tanum,2023,8.6
1438,Dals-Ed,2023,8
1439,Färgelanda,2023,10.8
1440,Ale,2023,7.8
1441,Lerum,2023,6.5
1442,Vårgårda,2023,9
1443,Bollebygd,2023,6.7
1444,Grästorp,2023,7.5
1445,Essunga,2023,8.8
1446,Karlsborg,2023,7
1447,Gullspång,2023,13.1
1452,Tranemo,2023,7.9
1460,Bengtsfors,2023,11
1461,Mellerud,2023,12.7
1462,Lilla Edet,2023,9.4
1463,Mark,2023,8.4
1465,Svenljunga,2023,9
1466,Herrljunga,2023,7.8
1470,Vara,2023,8.8
1471,Götene,2023,8
1472,Tibro,2023,11.3
1473,Töreboda,2023,10.3
1480,Göteborg,2023,11.9
1481,Mölndal,2023,7.4
1482,Kungälv,2023,6.8
1484,Lysekil,2023,9.2
1485,Uddevalla,2023,12.4
1486,Strömstad,2023,9.2
1487,Vänersborg,2023,12.1
1488,Trollhättan,2023,14.1
1489,Alingsås,2023,8.3
1490,Borås,2023,12.2
1491,Ulricehamn,2023,8.3
1492,Åmål,2023,14.2
1493,Mariestad,2023,8.5
1494,Lidköping,2023,7.8
1495,Skara,2023,10.4
1496,Skövde,2023,8.7
1497,Hjo,2023,7.3
1498,Tidaholm,2023,8
1499,Falköping,2023,10.9
1715,Kil,2023,8.7
1730,Eda,2023,10
1737,Torsby,2023,7.9
1760,Storfors,2023,12.2
1761,Hammarö,2023,6.9
1762,Munkfors,2023,11.7
1763,Forshaga,2023,10.4
1764,Grums,2023,12.3
1765,Årjäng,2023,7
1766,Sunne,2023,8.5
1780,Karlstad,2023,11
1781,Kristinehamn,2023,12.5
1782,Filipstad,2023,14.2
1783,Hagfors,2023,9.3
1784,Arvika,2023,8.2
1785,Säffle,2023,13
1814,Lekeberg,2023,7.4
1860,Laxå,2023,11.7
1861,Hallsberg,2023,10.9
1862,Degerfors,2023,13
1863,Hällefors,2023,12.7
1864,Ljusnarsberg,2023,12.5
1880,Örebro,2023,12.1
1881,Kumla,2023,10
1882,Askersund,2023,8.4
1883,Karlskoga,2023,11.1
1884,Nora,2023,10.3
1885,Lindesberg,2023,10.8
1904,Skinnskatteberg,2023,11.3
1907,Surahammar,2023,10.6
1960,Kungsör,2023,13
1961,Hallstahammar,2023,11.6
1962,Norberg,2023,12.4
1980,Västerås,2023,13.3
1981,Sala,2023,10.8
1982,Fagersta,2023,15.8
1983,Köping,2023,12.7
1984,Arboga,2023,11.3
2021,Vansbro,2023,7.3
2023,Malung-Sälen,2023,7.1
2026,Gagnef,2023,6.5
2029,Leksand,2023,7.3
2031,Rättvik,2023,8.4
2034,Orsa,2023,10.3
2039,Älvdalen,2023,10.3
2061,Smedjebacken,2023,8.7
2062,Mora,2023,8
2080,Falun,2023,8.1
2081,Borlänge,2023,13.2
2082,Säter,2023,7.5
2083,Hedemora,2023,11.8
2084,Avesta,2023,13.4
2085,Ludvika,2023,12.1
2101,Ockelbo,2023,13
2104,Hofors,2023,13.4
2121,Ovanåker,2023,13.8
2132,Nordanstig,2023,11.2
2161,Ljusdal,2023,13.2
2180,Gävle,2023,14.7
2181,Sandviken,2023,15.8
2182,Söderhamn,2023,15.8
2183,Bollnäs,2023,15.4
2184,Hudiksvall,2023,10.7
2260,Ånge,2023,10.1
2262,Timrå,2023,12.3
2280,Härnösand,2023,15
2281,Sundsvall,2023,11.2
2282,Kramfors,2023,11.8
2283,Sollefteå,2023,12.1
2284,Örnsköldsvik,2023,9.3
2303,Ragunda,2023,10.3
2305,Bräcke,2023,10.5
2309,Krokom,2023,7.3
2313,Strömsund,2023,13.6
2321,Åre,2023,8.3
2326,Berg,2023,10.1
2361,Härjedalen,2023,9.1
2380,Östersund,2023,9.6
2401,Nordmaling,2023,9.1
2403,Bjurholm,2023,11.1
2404,Vindeln,2023,7.9
2409,Robertsfors,2023,7.3
2417,Norsjö,2023,10
2418,Malå,2023,7.9
2421,Storuman,2023,8.5
2422,Sorsele,2023,9.1
2425,Dorotea,2023,7.3
2460,Vännäs,2023,8.1
2462,Vilhelmina,2023,10.7
2463,Åsele,2023,10.3
2480,Umeå,2023,7.5
2481,Lycksele,2023,10.1
2482,Skellefteå,2023,7.5
2505,Arvidsjaur,2023,9.9
2506,Arjeplog,2023,7.9
2510,Jokkmokk,2023,7.1
2513,Överkalix,2023,11
2514,Kalix,2023,10.6
2518,Övertorneå,2023,9.6
2521,Pajala,2023,7.1
2523,Gällivare,2023,6
2560,Älvsbyn,2023,10
2580,Luleå,2023,8.5
2581,Piteå,2023,9
2582,Boden,2023,9.3
2583,Haparanda,2023,13.7
2584,Kiruna,2023,5.3
